May-26,,,,,,,,,,,,,,,,,,,,,,,,,,,,,,,,,,,,,,,,,,,
Sr. NO.,Emp. Code,Name ,,1,2,3,4,5,6,7,8,9,10,11,12,13,14,15,16,17,18,19,20,21,22,23,24,25,26,27,28,29,30,31,Present ,WO,PH,CL,SL,CO,Actual P. Days,LWP,Total Days
,,,,FR,SA,SU,MO,TU,WE,TH,FR,SA,SU,MO,TU,WE,TH,FR,SA,SU,MO,TU,WE,TH,FR,SA,SU,MO,TU,WE,TH,FR,SA,SU,,,,,,,,,
1,BH1022,Dixita Jayantibhai Makwana,,P,P,P,CO,CL,CL,AB,AB,P,P,P,P,P,P,P,CO,P,P,P,P,P,P,AB,WO,P,P,P,P,P,P,P,23.0,1.0,0.0,2.0,0.0,2.0,28.0,3.0,31.0
2,BH1023,Milan Dilipbhai Mayani,,P,P,P,P,WO,P,P,P,P,WO,P,P,P,P,P,P,CL,P,WO,P,P,P,P,WO,P,WO,P,P,P,P,P,25.0,5.0,0.0,1.0,0.0,0.0,31.0,0.0,31.0
3,BH1024,Kirtankumar Jayantibhai Patel,,P,P,P,P,WO,P,P,P,P,WO,CL1/2,P,P,P,P,P,P,P,WO,P,P,P,P,WO,P,WO,P,P,P,P,P,25.5,5.0,0.0,0.5,0.0,0.0,31.0,0.0,31.0
4,BH1026,Nidhi Kushwah,,P,P,P,P,WO,P1/2,SL,SL,SL,WO,P,P,P,P,P,P,P,P,WO,P,P,P,P,WO,P,P,CO,P,P,P,P,22.5,4.0,0.0,0.0,3.0,1.0,30.5,0.5,31.0
5,BH1027,Pinkybahen Patel,,P,P,P,P,WO,P,P,P,CL,WO,P,P,P,P,P,CL1/2,P,P,WO,P,P,P,P,WO,P,P,P,P,P,P,CO,24.5,4.0,0.0,1.5,0.0,1.0,31.0,0.0,31.0
6,BH1028,Hiteshkumar Amarsinh Chauhan,,P,P,P,P,WO,P,P,P,P,WO,P,P,P,P,P,P,P,P,WO,P,P,P,P,WO,P,P,P,CO,P,P,P,26.0,4.0,0.0,0.0,0.0,1.0,31.0,0.0,31.0
7,BH1029,Shwetasingh Kurm Kshatriya,,P,P,P,P,WO,P,P,P,P,WO,P,P,P,P,P,P,P,P,WO,P,P,P,P,WO,P,WO,P,P,P,P,P,26.0,5.0,0.0,0.0,0.0,0.0,31.0,0.0,31.0
8,BH1030,Payalben Dilipbhai Darji,,P,P,P,P,WO,P,P,P,P,WO,P,CL,CL,AB,P,P,P,P,WO,P,P,P,P,WO,P,WO,P,P,P,P,P1/2,22.5,5.0,0.0,2.0,0.0,0.0,29.5,1.5,31.0
9,BH1031,Karina Lalitbhai Patel,,P,P,P,P,WO,P,P,P,P,WO,P,P,P,P,P,P,CL,P,WO,P,P,P,P,WO,P,WO,P,P,P,P,P,25.0,5.0,0.0,1.0,0.0,0.0,31.0,0.0,31.0
10,BH1032,Kartikkumar Patel,,P,P,P,P,WO,P,P,P,CL,WO,P,P,P,P,P,P,P,P,WO,P,P,P,P,WO,P,WO,P,P,P,P,P1/2,24.5,5.0,0.0,1.0,0.0,0.0,30.5,0.5,31.0
11,BH1033,Ayushkumar Patel,,P,P,P,P,WO,P,P,P,P,P,P,P,CO,CL,CL,P,P,P,WO,P,P,P,P,WO,P,WO,P,P,P,P,P,24.0,4.0,0.0,2.0,0.0,1.0,31.0,0.0,31.0
12,BH1035,Sureshkumar Rajendrasinh Chauhan,,CL,P,P,P,WO,P,P,P,P,WO,P,P,P,P,P,P,P,P,WO,P,P,P,P,WO,P,WO,P,P,P,P,P,25.0,5.0,0.0,1.0,0.0,0.0,31.0,0.0,31.0
13,BH1038,Vishalkumar Patel,,P,P,WO,P,P,CL,CL,AB,AB,WO,P,P,P,P,P,P,P,P,WO,P,P,P,P,WO,P,P,P,P,P,P,P,23.0,4.0,0.0,2.0,0.0,0.0,29.0,2.0,31.0
14,BH1039,Daksheshkumar Nayi,,P,P,P,P,WO,P,P,P,CL,WO,P,P,P,P,P,P,CL,P,WO,P,P,P,P,WO,P,WO,P,P,P,P,P1/2,23.5,5.0,0.0,2.0,0.0,0.0,30.5,0.5,31.0
15,BH1040,Payal Chirag Chodvadiya,,CO,P,P,P,WO,P,CL,P,P,WO,P,P,P,P,P,P,P,P,WO,P,CL,P,P,WO,P,OD,P,P,P,P,P,24.0,4.0,0.0,2.0,0.0,1.0,31.0,0.0,31.0
16,BH1041,Hetalben Jitendrakumar Pandit,,P,P,P,P,WO,P,P,P,P,WO,P,P,P,P,P,P,P,P,WO,P,P,P,P,WO,CL,WO,P,P,P,P,P,25.0,5.0,0.0,1.0,0.0,0.0,31.0,0.0,31.0
17,BH1042,Kinjal Kathiriya,,P,P,P,P,WO,P,P,P,P,WO,P,P,P,P,P,P,P,P,WO,CL,P,P,P,WO,P,OD,P,P,P,P,P,26.0,4.0,0.0,1.0,0.0,0.0,31.0,0.0,31.0
18,BH1043,Hina Pankaj Chowdhry,,P,P,P,P,WO,P,P,P,P,WO,P,P,P,P,P,P,P,P,WO,P,P,P,P,WO,SL,P,P,P,P,P,P,26.0,4.0,0.0,0.0,1.0,0.0,31.0,0.0,31.0
19,BH1044,Balvantsinh Dinusinh Rathod,,CL,P,P,P,WO,P,P,CL,P,WO,P,P,AB,AB,AB,AB,AB,P,WO,P,P,P,P,WO,P,WO,P,P,P,P,P,19.0,5.0,0.0,2.0,0.0,0.0,26.0,5.0,31.0
20,BH1045,Kishan Haresh Patel,,CL,CL,P,P,WO,P,P,P1/2,P,P,CO,P,P,P,P,P1/2,AB,P,P,P,P,P,P,WO,P,P,P,P,P,P,CO,23.0,2.0,0.0,2.0,0.0,2.0,29.0,2.0,31.0
21,BH1046,Krutika Parmar,,P,P,P,P,WO,P,P,P,P,WO,P,P,P,P,P,P,P,P,WO,P,P,P,P,WO,P,P,P,P,CO,P,P,26.0,4.0,0.0,0.0,0.0,1.0,31.0,0.0,31.0
22,BH1047,Nigamkumar Rohitbhai Raval,,P,P,P,P,WO,P,P,P,CL,WO,P,P,P,P,P,CL,P,P,P,P,P,P,P,WO,P,P,CL1/2,P,CO,P,P,24.5,3.0,0.0,2.5,0.0,1.0,31.0,0.0,31.0
23,BH1048,Perin Pandit,,P,P,P,P,WO,P,P,P,P,WO,P,P,P,P,P,P,P,P,WO,P,P,P,P,WO,CL,P,P,P,P,P,P,26.0,4.0,0.0,1.0,0.0,0.0,31.0,0.0,31.0
24,BH1050,Jinalben Navinbhai Rana,,P,P,P,P,P,P,P,P,P,WO,P,P,P,P,P,P,P,P,WO,P,P,P,P,WO,CO,CL,CL,AB,AB,AB,AB,21.0,3.0,0.0,2.0,0.0,1.0,27.0,4.0,31.0
25,BH1051,Ranjitsinh Zala,,P,P,P,P,WO,AB,P,P,P,WO,P,P,P,AB,AB,P,AB,P,WO,P,P,P,P,WO,AB,WO,P,P,P,P,P,21.0,5.0,0.0,0.0,0.0,0.0,26.0,5.0,31.0
26,BH1052,Ranjitkumar Baraiya,,P,P1/2,WO,P,P,AB,AB,AB,AB,AB,AB,P,P,P,AB,P,AB,P,P,P,P,P,P,WO,P,P,P,CO,P,AB,P,18.5,2.0,0.0,0.0,0.0,1.0,21.5,9.5,31.0
27,BH1053,Vimal M. Raval,,P,P,P,P,WO,AB,P,P,P,WO,P,P,P,P,P,P,AB,AB,WO,P,AB,AB,AB,AB,AB,AB,AB,AB,AB,AB,AB,14.0,3.0,0.0,0.0,0.0,0.0,17.0,14.0,31.0
28,BH1054,Chiragkumar Patel,,P,P,CL,P,WO,P,P,P,P,WO,P,P,P,P,P,P,CL,P,WO,P,P,P,P,WO,P,WO,P,P,P,P,P,24.0,5.0,0.0,2.0,0.0,0.0,31.0,0.0,31.0
29,BH1055,Harshil J. Bhuva,,P,P,WO,P,P,P,P,P,P,WO,SL,P,P,P,P,P,CL,P,P,P,P,P,P,WO,P,P,P,P,P,P,CO,25.0,3.0,0.0,1.0,1.0,1.0,31.0,0.0,31.0
30,BH1057,Dharmik Patel,,P,P,P,P,WO,CL,P,P,P,WO,P,P,P,P,P,P,P,P,WO,P,P,P,P,WO,P,P,P,P,P,P,P,26.0,4.0,0.0,1.0,0.0,0.0,31.0,0.0,31.0
31,BH1058,Bhaveshkumar Prajapati,,CL,CL1/2,P,P,WO,P,P,P,P1/2,WO,P,P,P,P,P,P,P1/2,P,WO,P,P,P,P,WO,AB,WO,P,P,P,P,P,22.5,5.0,0.0,1.5,0.0,0.0,29.0,2.0,31.0
32,BH1059,Vanraj Solanki,,P,P,P,P,WO,P,P,P,P,WO,P,P,P,P,P,P,P,P,WO,P,P,P,P,WO,P,WO,P,P,P,P,P,26.0,5.0,0.0,0.0,0.0,0.0,31.0,0.0,31.0
33,BH1060,Shaileshgiri Goswami,,CL,P,P,P,P,P,P,P,P,WO,P,P,CO1/2,P,P,P,P,P,WO,P,P,P,P,WO,P,P,P,P,P,P,P,26.5,3.0,0.0,1.0,0.0,0.5,31.0,0.0,31.0
34,BH1061,Ravindrasinh V. Makwana,,AB,P,P,AB,WO,P,P,P,P,WO,P,P,CL,P,P,P,P,P,WO,P,P,P,P,WO,P,WO,P,P,P1/2,P,P,22.5,5.0,0.0,1.0,0.0,0.0,28.5,2.5,31.0
35,BH1062,Daxaben Dabhi,,P1/2,P,P,P,P,P,P,CO,P,WO,P,P,P1/2,CL,AB,P,P,P,WO,P,P,P,P,WO,P,WO,P,P,P,P,P,23.0,4.0,0.0,1.0,0.0,1.0,29.0,2.0,31.0
36,BH1063,Pankajsinh Zala,,P,P,P,P,WO,P,P,P,P,WO,P,P,P,P,P,P,CL,P,WO,P,P,P,P,WO,P,P,P,P,P,P,CO,25.0,4.0,0.0,1.0,0.0,1.0,31.0,0.0,31.0
37,BH1064,Sagarkumar R. Patel,,P,P,P,P,WO,P,P,CL,AB,P,P,P,P,P,P,P,P,P,WO,P,P,P,P,WO,CO,WO,P,P,P,P,AB,23.0,4.0,0.0,1.0,0.0,1.0,29.0,2.0,31.0
38,BH1065,Ashwinsinh P. Zala,,AB,AB,AB,AB,AB,AB,AB,AB,AB,AB,P,P,AB,AB,P,P,P,P,WO,P,P,P,P,WO,P,P,P,P,P,P,P,17.0,2.0,0.0,0.0,0.0,0.0,19.0,12.0,31.0
39,BH1066,Sajjansinh N. Zala,,AB,AB,AB,AB,AB,AB,AB,AB,AB,AB,P,P,P,P,P,P,P,P,WO,P,P,P,P,WO,P,WO,P,P,P,P,P,18.0,3.0,0.0,0.0,0.0,0.0,21.0,10.0,31.0
40,BH1067,Rahulsinh S. Zala,,AB,AB,AB,AB,AB,AB,AB,AB,AB,AB,P,P,P1/2,AB,P,P,P,P,WO,P,AB,P,P,WO,P,WO,P,AB,AB,P,P,13.5,3.0,0.0,0.0,0.0,0.0,16.5,14.5,31.0
41,BH1068,Surendra Kumar,,AB,AB,AB,AB,AB,AB,AB,AB,AB,AB,P,P,P,P,P,P,P,P,WO,P,P,P,P,WO,P,P,P,P,P,P,P,19.0,2.0,0.0,0.0,0.0,0.0,21.0,10.0,31.0
42,BH1069,Jagdish Makwana,,AB,AB,AB,AB,AB,AB,AB,AB,AB,AB,P,P,AB,P,P,P,AB,P,P,CO,P,P,P,WO,P,WO,P,AB,P1/2,P,P,14.5,2.0,0.0,0.0,0.0,1.0,17.5,13.5,31.0
43,BH1070,Prit Patel,,AB,AB,AB,AB,AB,AB,AB,AB,AB,AB,AB,AB,AB,AB,AB,AB,AB,AB,AB,AB,AB,AB,AB,AB,P,WO,P,P,AB,AB,P,4.0,1.0,0.0,0.0,0.0,0.0,5.0,26.0,31.0
44,BH1071,Vijaykumar Parmar,,AB,AB,AB,AB,AB,AB,AB,AB,AB,AB,AB,AB,AB,AB,AB,AB,AB,AB,AB,AB,AB,AB,AB,AB,P,WO,P,P,P,P,P,6.0,1.0,0.0,0.0,0.0,0.0,7.0,24.0,31.0
