Apr-26,,,,,,,,,,,,,,,,,,,,,,,,,,,,,,,,,,,,,,,,,,,,
Sr. NO.,Emp. Code,Name ,,1,2,3,4,5,6,7,8,9,10,11,12,13,14,15,16,17,18,19,20,21,22,23,24,25,26,27,28,29,30,Present ,WO,PH,CL,SL,CO,A.Present Days,LWP,Total Days,,
,,,,WE,TH,FR,SA,SU,MO,TU,WE,TH,FR,SA,SU,MO,TU,WE,TH,FR,SA,SU,MO,TU,WE,TH,FR,SA,SU,MO,TU,WE,TH,,,,,,,,,,,
1,BH1022,Dixita Jayantibhai Makwana,,P,P,P,P,P,P,WO,P,P,P,CL,P,P,P1/2,P,P,P,CO1/2,P,P,P,P,CO,CL,AB,P,P,P,P,P,24.0,1.0,0.0,2.0,0.0,1.5,28.5,1.0,29.5,,
2,BH1023,Milan Dilipbhai Mayani,,P,P,P,P,P,P,WO,P,P,P,P,P,P,WO,P,P,P,P,P,CO,CL,P,P,P,P,WO,P,P,P,P,25.0,3.0,0.0,1.0,0.0,1.0,30.0,0.0,30.0,,
3,BH1024,Kirtankumar Jayantibhai Patel,,P,P,P,P,P,P,P1/2,P,P,P,P,P,P,P,CO,P,P,P,P,P,CO,P,CO1/2,CL,P,P,CO,P,P,P,25.0,0.0,0.0,1.0,0.0,3.5,30.0,0.0,30.0,,
4,BH1026,Nidhi Kushwah,,P,P,P,P,P,P,WO,P,P,P,CL,P,P,WO,P,P,P,P,P,CO,P,P,P,P,P,WO,P,P,P,P,25.0,3.0,0.0,1.0,0.0,1.0,30.0,0.0,30.0,,
5,BH1027,Pinkybahen Patel,,P,CL1/2,P,P,P,P,WO,P,P,P,P,P,P,WO,P,P,P,P,WO,P,P,P,P,P,P,P,P,CO,CL,P,24.5,3.0,0.0,1.5,0.0,1.0,30.0,0.0,30.0,,
6,BH1028,Hiteshkumar Amarsinh Chauhan,,P,P,P,P,P,P,WO,P,P,P,P,P,CL1/2,WO,P,P,P,P,WO,CL,CL,P,P,P,P,P,P,P,P,P,24.5,3.0,0.0,2.5,0.0,0.0,30.0,0.0,30.0,,
7,BH1029,Shwetasingh Kurm Kshatriya,,P,P,P,P,CL,P,WO,P,P,P,P,P,P,WO,P,P,P,CL,WO,P,P,P,P,P,P,WO,P,P,P,P,24.0,4.0,0.0,2.0,0.0,0.0,30.0,0.0,30.0,,
8,BH1030,Payalben Dilipbhai Darji,,P,P,P,P,P,P,WO,P,P,P,P,CL,P,WO,P,P,P,P,WO,P,P,P,P,P,P,P,CO,P,P,P,25.0,3.0,0.0,1.0,0.0,1.0,30.0,0.0,30.0,,
9,BH1031,Karina Lalitbhai Patel,,P,P,P,P,P,P,WO,P,P,P,P,P,P,WO,P,P,CL,CL,WO,P,P,P,P,P,P,WO,P,CL1/2,P,P,23.5,4.0,0.0,2.5,0.0,0.0,30.0,0.0,30.0,,
10,BH1032,Kartikkumar Patel,,P,P,P,P,P,P,WO,P,CL1/2,P,P,P,P,WO,P,P,P,P,WO,P,P,P,P,P,P,P,P,CO,CL,AB,23.5,3.0,0.0,1.5,0.0,1.0,29.0,1.0,30.0,,
11,BH1033,Ayushkumar Patel,,P,P,P,P,P,P,WO,P,CL,P,P,P,P,WO,P,P,P,P,P,CO,P,P,P,P,P,WO,P,P,P,P,25.0,3.0,0.0,1.0,0.0,1.0,30.0,0.0,30.0,,
12,BH1035,Sureshkumar Rajendrasinh Chauhan,,P,P,P,P,P,P,WO,P,P,P,P,P,P,WO,P,P,P,P,P,P,P,CO,P,P,P,P,CO,P,P,P,26.0,2.0,0.0,0.0,0.0,2.0,30.0,0.0,30.0,,
13,BH1036,Lalsinh Zala,,AB,AB,AB,AB,AB,P,WO,P,P,AB,AB,AB,AB,AB,AB,AB,AB,AB,AB,AB,AB,AB,AB,AB,AB,AB,AB,AB,AB,AB,3.0,1.0,0.0,0.0,0.0,0.0,4.0,26.0,30.0,,
14,BH1037,Rajendrasinh Makwana,,AB,P,P,P,P,P,WO,P,AB,AB,AB,AB,AB,AB,AB,AB,AB,AB,AB,AB,AB,AB,AB,AB,AB,AB,AB,AB,AB,AB,6.0,1.0,0.0,0.0,0.0,0.0,7.0,23.0,30.0,,
15,BH1038,Vishalkumar Patel,,P,P,P,P,P,P,WO,P,P,P,P,P,P,WO,P,P,P,P,P,P,CO,P,P,P,P,P,P,CO,P,P,26.0,2.0,0.0,0.0,0.0,2.0,30.0,0.0,30.0,,
16,BH1039,Daksheshkumar Nayi,,P,P,CL,P,P,P,WO,P,P,P,P,P,P,WO,P,P,P,CL,WO,P,P,AB,P,P,P,WO,P,P,P,P,23.0,4.0,0.0,2.0,0.0,0.0,29.0,1.0,30.0,,
17,BH1040,Payal Chirag Chodvadiya,,P,P,P,P,P,CL,WO,P,P,P,P,P,P,WO,P,P,P,P,WO,P,P,P,P,P,P,P,P,CL1/2,P,P,25.5,3.0,0.0,1.5,0.0,0.0,30.0,0.0,30.0,,
18,BH1041,Hetalben Jitendrakumar Pandit,,P,P,P,P,P,P,WO,P,P,P,P,P,P,WO,P,P,P,P,WO,P,P,P,P,P,P,WO,P,P,P,P,26.0,4.0,0.0,0.0,0.0,0.0,30.0,0.0,30.0,,
19,BH1042,Kinjal Kathiriya,,P,P,P,P,P,CL,WO,P,P,P,P,P,P,WO,CL,P,P,P,WO,P,P,P,P,P,P,WO,P,P,P,P,24.0,4.0,0.0,2.0,0.0,0.0,30.0,0.0,30.0,,
20,BH1043,Hina Pankaj Chowdhry,,P,P,P,P,P,P,WO,P,P,P,P,P,P,P,CO,CL,CL,AB,AB,P1/2,P,P,P,P,P,WO,P,P,P,P,22.5,2.0,0.0,2.0,0.0,1.0,27.5,2.0,29.5,,to ask about WO given or not
21,BH1044,Balvantsinh Dinusinh Rathod,,P,P,P,P,P,P,WO,P,P,P,P,P,P,P,P,P,P,P,P,P,P,P,CO,P,P,WO,P,P,P,P,27.0,2.0,0.0,0.0,0.0,1.0,30.0,0.0,30.0,,
22,BH1045,Kishan Haresh Patel,,P,P,P,P,P,P,WO,P,P,P,P,P,P,WO,P,P,P,P,P,P,P,P,P,CO,P,P,CO,CL,P1/2,CL,23.5,2.0,0.0,2.0,0.0,2.0,29.5,0.0,29.5,,
23,BH1046,Krutika Parmar,,P,P,P,P,P,P,WO,P,P,P,P,P,P,WO,P,P,P,P,WO,P,P,P,P,P,P,WO,P,P,P,P,26.0,4.0,0.0,0.0,0.0,0.0,30.0,0.0,30.0,,
24,BH1047,Nigamkumar Rohitbhai Raval,,P,P,P,P,P,P,WO,P,P,P,P,P,P,WO,P,P,P,P,P,P,P,P,P,CO,P,P,P,P,CO,P,26.0,2.0,0.0,0.0,0.0,2.0,30.0,0.0,30.0,,
25,BH1048,Perin Pandit,,P,P,P,P,P,P,WO,P,P,P,P,P,P,WO,P,P,P,P,WO,P,P,P,P,P,P,P,CO,P,P,P,26.0,3.0,0.0,0.0,0.0,1.0,30.0,0.0,30.0,,
26,BH1049,Jinal Poonambhai Mesariya,,P,P,P,P,P,P,WO,P,P,P,P,P,P,WO,P1/2,P,P,P,AB,AB,AB,AB,AB,AB,AB,AB,AB,AB,AB,AB,15.5,2.0,0.0,0.0,0.0,0.0,17.5,12.0,29.5,,
27,BH1050,Jinalben Navinbhai Rana,,P,P,P,P,P,P,WO,P,P,P,P,P,P,WO,P,P,P,P,P,P,CO,CL,P,P,P,WO,P,P,P,P,25.0,3.0,0.0,1.0,0.0,1.0,30.0,0.0,30.0,,
28,BH1052,Ranjitkumar Baraiya,,P,P,P,P,P,P,WO,P,P,P,P,P,CL,P,P,P,P1/2,P,P,P,CO,CL,P,P1/2,P,P,P,CO,P,P,24.0,1.0,0.0,2.0,0.0,2.0,29.0,0.0,29.0,,
29,BH1053,Vimal M. Raval,,P,CL,P,P,P,P,WO,P,P,P,P,P,P,WO,P,P,P,P,WO,P,P,P,P,P,P,P,CO,P,P,P,25.0,3.0,0.0,1.0,0.0,1.0,30.0,0.0,30.0,,
30,BH1054,Chiragkumar Patel,,P,P,P,P,P,P,WO,P,P,CL,CL,AB,AB,AB,AB,P,P,P,WO,P,P,P,P,P,P,WO,P,P,P,P,21.0,3.0,0.0,2.0,0.0,0.0,26.0,4.0,30.0,,
31,BH1055,Harshil J. Bhuva,,P,P,P,P,P,P,WO,P,P,P,P,P,P,WO,P,P,P,P,WO,P,P,P,P,P,P,WO,P,P,P,P,26.0,4.0,0.0,0.0,0.0,0.0,30.0,0.0,30.0,,
32,BH1056,Dharmik Patel,,P,P,P,P,P,P,WO,P,P,P,P,P,P,WO,P,P,P,P,WO,P,P,P,P,P,P,WO,P,P,P,P,26.0,4.0,0.0,0.0,0.0,0.0,30.0,0.0,30.0,,
33,BH1057,Gunjan Oshin,,P,P,P,P,P,P,AB,AB,AB,AB,AB,AB,AB,AB,AB,AB,AB,AB,AB,AB,AB,AB,AB,AB,AB,AB,AB,AB,AB,AB,6.0,0.0,0.0,0.0,0.0,0.0,6.0,24.0,30.0,,
34,BH1056,Bhaveshkumar Prajapati,,AB,AB,AB,AB,AB,AB,AB,AB,AB,P,P,P,P,WO,P,AB,P,AB,P,AB,AB,P,P,P,P,WO,P,P,P,P,15.0,2.0,0.0,0.0,0.0,0.0,17.0,13.0,30.0,,
35,BH1059,Vanraj Solanki,,AB,AB,AB,AB,AB,AB,AB,AB,AB,AB,AB,AB,AB,AB,P,AB,P,AB,WO,P,P,P,AB,P,P,P,P,P,P,P,12.0,1.0,0.0,0.0,0.0,0.0,13.0,17.0,30.0,,
36,BH1060,Shaileshgiri Goswami,,AB,AB,AB,AB,AB,AB,AB,AB,AB,AB,AB,AB,AB,AB,AB,AB,AB,AB,P,P,P,P,P,AB,AB,WO,P,P,P,P,9.0,1.0,0.0,0.0,0.0,0.0,10.0,20.0,30.0,,
37,BH1061,Ravindrasinh V. Makwana,,AB,AB,AB,AB,AB,AB,AB,AB,AB,AB,AB,AB,AB,AB,AB,AB,AB,AB,P,P,P,P,P,P,P,WO,P,P,P,P,11.0,1.0,0.0,0.0,0.0,0.0,12.0,18.0,30.0,,NO ATT. AVILABLE IN ANY REGISTER
38,BH1062,Daxaben Dabhi,,AB,AB,AB,AB,AB,AB,AB,AB,AB,AB,AB,AB,AB,AB,AB,AB,AB,AB,AB,AB,AB,AB,AB,AB,P,P,P,AB,P,P,5.0,0.0,0.0,0.0,0.0,0.0,5.0,25.0,30.0,,
39,BH1063,Pankajsinh Zala,,AB,AB,AB,AB,AB,AB,AB,AB,AB,AB,AB,AB,AB,AB,AB,AB,AB,AB,AB,AB,AB,AB,AB,AB,AB,AB,AB,P,P,P,3.0,0.0,0.0,0.0,0.0,0.0,3.0,27.0,30.0,,
