Jun-26,,,,,,,,,,,,,,,,,,,,,,,,,,,,,,,,,,,,,,,,,,
Sr. NO.,Emp. Code,Name ,Dept.,1,2,3,4,5,6,7,8,9,10,11,12,13,14,15,16,17,18,19,20,21,22,23,24,25,26,27,28,29,30,Present ,WO,PH,CL,SL,CO,LWP,A.Pay Days,Total Days
,,,,MO,TU,WE,TH,FR,SA,SU,MO,TU,WE,TH,FR,SA,SU,MO,TU,WE,TH,FR,SA,SU,MO,TU,WE,TH,FR,SA,SU,MO,TU,,,,,,,,,
1,BH1022,Dixita Jayantibhai Makwana,Production,P,SL,P,P,P,CO,P,P,WO,P,P,P,CO,P,P,WO,P,P,P,CL,P,P,WO,P,P,P,P,P,P,WO,23.0,4.0,0.0,1.0,0.0,2.0,0.0,30.0,30.0
2,BH1023,Milan Dilipbhai Mayani,QC,P,P,P,P,P,P,P,P,WO,P,P,P,P,P,P,WO,P,P,P,P,P,P,WO,P,P,P,P,P,P,WO,26.0,4.0,0.0,0.0,0.0,0.0,0.0,30.0,30.0
3,BH1024,Kirtankumar Jayantibhai Patel,Engg.,P,P,P,P,P,P,P,P,WO,P,P,P,P,CO1/2,P,WO,P,P,P,P,CO1/2,P,WO,P,P,P,P,P,P,WO,25.0,4.0,0.0,0.0,0.0,1.0,0.0,30.0,30.0
4,BH1026,Nidhi Kushwah,QC Micro,P,P,CL,CL,P,P,P,P,WO,P,P,P,P,P,P,WO,P,P,P,P,P,P,WO,P,P,AB,AB,AB,P,WO,21.0,4.0,0.0,2.0,0.0,0.0,3.0,27.0,30.0
5,BH1027,Pinkybahen Patel,Production,P,P,P,P,P,P,P,P,WO,P,P,P,P,P,P,WO,CL,P,P,P,P,P,WO,P,P,P,P,P,P,WO,25.0,4.0,0.0,1.0,0.0,0.0,0.0,30.0,30.0
6,BH1028,Hiteshkumar Amarsinh Chauhan,QC,P,P,P,P,P,P,P,P,WO,P,CL,P,P,P,P,WO,P,P,P,P,P,P,WO,P,P,P,P,P,P,WO,25.0,4.0,0.0,1.0,0.0,0.0,0.0,30.0,30.0
7,BH1029,Shwetasingh Kurm Kshatriya,QA,P,P,P,P,P,P,SL,P,WO,P,P,P,P,P,P,WO,P,P,P,P,CL,P,WO,P,P,P,P,P,P,WO,24.0,4.0,0.0,1.0,1.0,0.0,0.0,30.0,30.0
8,BH1030,Payalben Dilipbhai Darji,QC Micro,CL,P,P,P,P,P,P,SL,WO,P,P,P,P,P,P,WO,P,P,P,P,P,P,WO,P,P,P,P,P,P,WO,24.0,4.0,0.0,1.0,1.0,0.0,0.0,30.0,30.0
9,BH1031,Karina Lalitbhai Patel,QC,P,P,P,P,P,P,P,P,WO,P,P,P,P,P,P,WO,P,P,P,P,P,P,WO,P,P,P,P,P,P,WO,26.0,4.0,0.0,0.0,0.0,0.0,0.0,30.0,30.0
10,BH1032,Kartikkumar Patel,QC,P,P,P,P,P,P,P,P,WO,P,P,P,P,CL1/2,P,WO,P,P,P,P,P,P,WO,P,P,P,P,P,P,WO,25.5,4.0,0.0,0.5,0.0,0.0,0.0,30.0,30.0
11,BH1033,Ayushkumar Patel,QA,P,P,P,P,P,P,P,P,WO,P,SL,P,P,P,P,WO,P,P,P,P,P,P,WO,P,P,P,P,P,P,WO,25.0,4.0,0.0,0.0,1.0,0.0,0.0,30.0,30.0
12,BH1035,Sureshkumar Rajendrasinh Chauhan,Accounts,P,P,P,P,P,P,P,P,WO,P,P,P,P,P,P,WO,P,P,P,P,P,P,WO,P,P,P,P,P,P,WO,26.0,4.0,0.0,0.0,0.0,0.0,0.0,30.0,30.0
13,BH1038,Vishalkumar Patel,QA,P,P,P,P,P,P,P,P,WO,P,P,P,P,P,P,WO,P,P,P,P,P,P,WO,CO,P,P,P,P,P,WO,25.0,4.0,0.0,0.0,0.0,1.0,0.0,30.0,30.0
14,BH1039,Daksheshkumar Nayi,Warehouse,P,P,P,P,P,P,P,P,WO,P,P,P,P,P,P,WO,P,P,CL,P,P,P,WO,P,P,P,P,P,P,WO,25.0,4.0,0.0,1.0,0.0,0.0,0.0,30.0,30.0
15,BH1040,Payal Chirag Chodvadiya,QC,P,P,SL1/2,SL,P,P,P,P,WO,P,P,P,P,P,P,WO,P,P,P,P,P,P,WO,CO,P,P,P,P,P,WO,23.5,4.0,0.0,0.0,1.5,1.0,0.0,30.0,30.0
16,BH1041,Hetalben Jitendrakumar Pandit,QA,P,P,P,P,P,P,P,P,WO,SL,P,P,P,P,P,WO,P,P,P,P,P,P,WO,P,CL,CL,AB,AB,AB,WO,20.0,4.0,0.0,2.0,1.0,0.0,3.0,27.0,30.0
17,BH1042,Kinjal Kathiriya,QA,P,CO,P,P,P,P,P,P,WO,P,P,P,P,P,P,WO,P,P,P,P,P,P,WO,CL,P,P,P,P,P,WO,24.0,4.0,0.0,1.0,0.0,1.0,0.0,30.0,30.0
18,BH1043,Hina Pankaj Chowdhry,Production,P,P,P,P,P,P,P,P,WO,P,P,P,P,CO,P,WO,CL,CL,P,P,P,P,WO,P,P,P,P,P,P,WO,23.0,4.0,0.0,2.0,0.0,1.0,0.0,30.0,30.0
19,BH1044,Balvantsinh Dinusinh Rathod,Production,P,P,P,P,P,P,P,P,WO,P,P,P,P,P,P,WO,P,P,P,P,CL,P,WO,CL1/2,P,P,P,P,P,WO,24.5,4.0,0.0,1.5,0.0,0.0,0.0,30.0,30.0
20,BH1045,Kishan Haresh Patel,Warehouse,P,AB,AB,AB,P,SL1/2,AB,AB,WO,P,P,P,P,AB,AB,AB,AB,AB,AB,AB,AB,P,WO,AB,AB,P,P,P,P,WO,11.5,3.0,0.0,0.0,0.5,0.0,15.0,15.0,30.0
21,BH1046,Krutika Parmar,HR & Admin,P,P,P,P,P,P,P,P,WO,P,P,P,P,P,P,WO,P,P,P,P,P,SL,SL,SL,AB,AB,AB,P,P,WO,21.0,3.0,0.0,0.0,3.0,0.0,3.0,27.0,30.0
22,BH1047,Nigamkumar Rohitbhai Raval,Production,P,P,P,P,P,P,P,P,WO,P,P,P,P,P,P,WO,P,P,CL,P,P,P,WO,P,P,P,P,P,P,WO,25.0,4.0,0.0,1.0,0.0,0.0,0.0,30.0,30.0
23,BH1048,Perin Pandit,QA,P,P,P,CO,P,P,P,P,WO,P,P,P,P,P,P,WO,P,P,P,P,P,P,WO,P,P,P,CL,AB,P,WO,23.0,4.0,0.0,1.0,0.0,1.0,1.0,29.0,30.0
24,BH1050,Jinalben Navinbhai Rana,QC,P,P,P,P,P,P,P,P,WO,P,P,P,P,P,P,WO,P,P,P,P,P,SL,WO,P,P,P,P,P,P,WO,25.0,4.0,0.0,0.0,1.0,0.0,0.0,30.0,30.0
25,BH1052,Ranjitkumar Baraiya,Purchase,P,P,P,AB,AB,CL1/2,P,P,WO,P1/2,P,CL,P,P,P,WO,P,CO,CO,P,P,P,WO,AB,P,P,CL1/2,P,P1/2,WO,18.0,4.0,0.0,2.0,0.0,2.0,4.0,26.0,30.0
26,BH1054,Chiragkumar Patel,QC,P,P,P,P,P,P,P,P,WO,P,P,P,P,P,P,WO,P,P,P,P,P,P,WO,P,P,P,P,P,P,WO,26.0,4.0,0.0,0.0,0.0,0.0,0.0,30.0,30.0
27,BH1055,Harshil J. Bhuva,QA,P,P,CL,P,P,CL1/2,P,P,WO,P,P,P,P,P,P,WO,P,P,P,P,P,P,WO,P,P,P,P,P,P,WO,24.5,4.0,0.0,1.5,0.0,0.0,0.0,30.0,30.0
28,BH1057,Dharmik Patel,QC,P,P,P,P,P,P,P,P,WO,P,P,P,P,P,P,WO,P,P,P,P,P,P,WO,P,P,P,P,CL,P,WO,25.0,4.0,0.0,1.0,0.0,0.0,0.0,30.0,30.0
29,BH1058,Bhaveshkumar Prajapati,Production,P,P,P,P,P,P,P,P,WO,P,P,P,P,P,P,WO,P,P,P,P,P,P,WO,P,P,P,P,P,P,WO,26.0,4.0,0.0,0.0,0.0,0.0,0.0,30.0,30.0
30,BH1059,Vanraj Solanki,Production,P,P,P,P,P,P,P,P,WO,P,P,CL,P,P,P,WO,P,P,P,P,P,P,WO,P,P,P,P,P,P,WO,25.0,4.0,0.0,1.0,0.0,0.0,0.0,30.0,30.0
31,BH1060,Shaileshgiri Goswami,Engg.,P,P,P,P,P,P,P,P,WO,P,P,P,P,P,P,WO,P,P,P,P,P,P,WO,P,P,P,P,P,CL,WO,25.0,4.0,0.0,1.0,0.0,0.0,0.0,30.0,30.0
32,BH1061,Ravindrasinh V. Makwana,Production,P,CL,P,CL,P,P,P,P,WO,P,P,P,P,P,P,WO,P,P,P,P,P,P,WO,P,P,P,P,P,P,WO,24.0,4.0,0.0,2.0,0.0,0.0,0.0,30.0,30.0
33,BH1062,Daxaben Dabhi,HR & Admin,P,P,P,CL1/2,P,P,P,P,WO,P,P,P,P,CL,P,WO,P,P,P,P,P,P,WO,P,P,P,P,P,P,WO,24.5,4.0,0.0,1.5,0.0,0.0,0.0,30.0,30.0
34,BH1063,Pankajsinh Zala,Production,P,SL1/2,P,P,P,P,P,P,WO,P,P,P,P,P,CL,WO,P,P,P,P,P,P,WO,P,P,P,P,P,P,WO,24.5,4.0,0.0,1.0,0.5,0.0,0.0,30.0,30.0
35,BH1064,Sagarkumar R. Patel,Production,P,CL,P,P,P,P,P,P,WO,P,P,P,P,P,P,WO,P,P,P,P,P,P,WO,P,P,P,P,P,P,WO,25.0,4.0,0.0,1.0,0.0,0.0,0.0,30.0,30.0
36,BH1065,Ashwinsinh P. Zala,Warehouse,P,P,P,P,P,P,P,P,WO,P,P,P,P,P,P,WO,P,P,P,CL1/2,CL,P,WO,P,P,P,P,P,CL1/2,WO,24.0,4.0,0.0,2.0,0.0,0.0,0.0,30.0,30.0
37,BH1066,Sajjansinh N. Zala,Production,P,P,P,CL,P,P,P,P,WO,P,P,P,P,P,P,WO,P,P,P,P,P,P,WO,P,P,P,P,P,P,WO,25.0,4.0,0.0,1.0,0.0,0.0,0.0,30.0,30.0
38,BH1067,Rahulsinh S. Zala,Production,P,P,P,P,P,P,P,P,WO,P,P,P,P,P,P,WO,CL,CL,P,AB,AB,P,WO,P,P,P,P,P,P,WO,22.0,4.0,0.0,2.0,0.0,0.0,2.0,28.0,30.0
39,BH1068,Surendra Kumar,Production,P,P,P,P,P,P,P,P,WO,P,P,P,P,P,P,WO,P,P,P,P,P,P,WO,CL,CL,AB,AB,AB,AB,WO,20.0,4.0,0.0,2.0,0.0,0.0,4.0,26.0,30.0
40,BH1069,Jagdish Makwana,Production,CL,P,P,AB,P,P,P,P,WO,P,P,P,P,P,P,WO,P,P,P,P,CL1/2,P,WO,P,P,P,P,P,P,WO,23.5,4.0,0.0,1.5,0.0,0.0,1.0,29.0,30.0
41,BH1070,Prit Patel,QA,P,P,AB,AB,AB,AB,P,AB,WO,P,P,AB,AB,AB,AB,AB,AB,AB,AB,AB,AB,AB,AB,AB,AB,AB,AB,AB,AB,AB,5.0,1.0,0.0,0.0,0.0,0.0,24.0,6.0,30.0
42,BH1071,Vijaykumar Parmar,Production,P,CL,P,P,P,CL,P,P,WO,P,P,P,P,P,P,WO,P,P,P,P,P,P,WO,P,P,P,P,P,P,WO,24.0,4.0,0.0,2.0,0.0,0.0,0.0,30.0,30.0
43,BH1072,Nidhi Sheladiya,QC Micro,P,P,P,P,P,P,P,P,WO,P,P,P,P,P,P,WO,P,P,P,P,P,P,WO,P,P,P,P,P,CL,WO,25.0,4.0,0.0,1.0,0.0,0.0,0.0,30.0,30.0
44,BH1073,Mayank Ramani,Production,P,P,P,P,P,P,P,P,WO,P,P,CL1/2,CL,P,P,WO,P,P,P,P,P,P,WO,P,P,P,P,AB,P,WO,23.5,4.0,0.0,1.5,0.0,0.0,1.0,29.0,30.0
45,BH1074,Mansi R. Patel,QA,AB,AB,AB,AB,P,P,P,P,WO,P,P,P,P,P,P,WO,P,P,P,P,P,P,WO,P,P,P,CL,P,P,WO,21.0,4.0,0.0,1.0,0.0,0.0,4.0,26.0,30.0
46,BH1075,Jaymin T. Raval,QC,AB,AB,AB,AB,AB,AB,AB,AB,AB,AB,AB,AB,AB,AB,AB,AB,AB,AB,AB,P,P,P,AB,AB,AB,AB,AB,AB,AB,AB,3.0,0.0,0.0,0.0,0.0,0.0,27.0,3.0,30.0
,,,,,,,,,,,,,,,,,,,,,,,,,,,,,,,,,,,,,,,,,1288.0,
