Sr. No.,Emp. Code,Emp. Name,Dept.,DOJ,OPENING BALANCE (From April'26),,Jan-26,,,Feb-26,,,Mar-26,,,Apr-26,,,May-26,,,Jun-26,,,Jul-26,,,Aug-26,,,Sep-26,,,Oct-26,,,Total Leave Taken,,,CLOSING BAL.,,,,,,
,,,,,CL,SL,CL,SL,LWP,CL,SL,LWP,CL,SL,LWP,CL,SL,LWP,CL,SL,LWP,CL,SL,LWP,CL,SL,LWP,CL,SL,LWP,CL,SL,LWP,CL,SL,LWP,CL,SL,LWP,CL,SL,,,,,
1,BH1022,Dixita Jayantibhai Makwana,PRD,8/22/2025,7,7,0,0,8,0,0,7,0,0,2,2,0,1.5,2,0,3,1,0,0,2,0,2,0,1,7,0,0.5,0,0,0,0,7,1,30.5,0,5.5,,,,,
2,BH1023,Milan Dilipbhai Mayani,QC,9/1/2025,7,7,0,0,1,0,0,4,0,0,0,1,0,0,1,0,0,0,0,0,0,2,1,0,0,0,1,1,0,0,0,0,2,2,6,4,4,,5.22,,,
3,BH1024,Kirtankumar Jayantibhai Patel,ENGG.,9/1/2025,7,7,0,0,0,0,0,0.5,0,0,0.5,1,0,1,0.5,0,0,0,0,0,0,0,0,1.5,0,0,0,0,0,0,0,0,3,0,2,4,7,,5.22,,,
4,BH1026,Nidhi Kushwah,QC MICRO,9/22/2025,7,7,0,0,1,0,0,1,0,0,6,1,0,0,0,3,0.5,2,0,3,2,0,3,1,0,0,0,1,0,0,0,0,6,3,14.5,1,3,,5.22,,,
5,BH1027,Pinkybahen Patel,PRD,10/1/2025,7,7,0,0,2.5,0,0,3.5,0,0,0,1.5,0,0,1.5,0,0,1,0,0,2,0,0,0,0,4,0,0,2,0,0,0,6,0,10,1,7,,5.22,,,
6,BH1028,Hiteshkumar Amarsinh Chauhan,QC,10/3/2025,7,7,0,0,0,0,0,0,0,0,0,2.5,0,0,0,0,0,1,0,0,0,0,0,0,0,0.5,0,0,0,0,0,0,3.5,0,0.5,3.5,7,,5.22,,,
7,BH1029,Shwetasingh Kurm Kshatriya,QA,10/9/2025,7,7,0,0,0,0,0,0,0,0,0,2,0,0,0,0,0,1,1,0,1,1,0,0,1,0,0,0,0,1,0,0,4,3,0,2,4,,5.22,,,
8,BH1031,Karina Lalitbhai Patel,QC,11/3/2025,7,7,0,0,1,0,0,0,0,0,0.5,2.5,0,0,1,0,0,0,0,0,1.5,0,0,0,1,0,0,2,1,0,0,0,5,1,1.5,2,4,,5.22,,,
9,BH1032,Kartikkumar Patel,QC,11/4/2025,7,7,0,0,2,0,0,0,0,0,3.5,0,0,2.5,1,0,0.5,0.5,0,0,0,2,0,0,0,0,0,0,0,0,0,0,1.5,2,8.5,5.5,5,,5.22,,,
10,BH1033,Ayushkumar Patel,QA,11/27/2025,7,7,0,0,1,0,0,0,0,0,1,1,0,0,2,0,0,0,1,0,0,2,0,0,1,0.5,1,1,0,0,1,0,3,4,2.5,3,1,,5.22,,,
11,BH1035,Sureshkumar R. Chauhan,ACCOUNTS,12/3/2025,7,7,0,0,1,0,0,2,0,0,2,0,0,0,1,0,0,0,0,0,1,0,0,0,0,0,0,0.5,0,0,0,0,2,0,5,5,6.5,,5.22,,,
12,BH1038,Vishalkumar Patel,QA,12/9/2025,7,7,0,0,0,0,0,5,0,0,2,0,0,0,2,0,2,0,0,0,0,1,0,2,0,0,0,0,0,0,0,0,4,1,9,3,6,,5.22,,,
13,BH1039,Daksheshkumar Nayi,WAREHOUSE,12/10/2025,7,7,0,0,1.5,0,0,4,0,0,3,3,0,0,2,0,0.5,1,0,0,1,0,0.5,0,1.5,2,0,1.5,0,0,0,0,7,1.5,11.5,0,4,,5.22,,,
14,BH1040,Payal Chirag Chodvadiya,QC,1/1/2026,7,7,0,0,0,0,0,2,0,0,2,1.5,0,0,2,0,0,0,1.5,0,1,0,0,1,1,2.5,0,0,0,0,0,0,5.5,2.5,6.5,1.5,4.5,1.78,5.22,,,
15,BH1041,Hetalben Jitendrakumar Pandit,QA,1/1/2026,7,7,0,0,2,0,0,1.5,0,0,1,0,0,0,1,0,0,2,1,3,1,2,0,1.5,0,0,0,1,0,0,0,0,5.5,3,7.5,1.5,3,,5.22,,,
16,BH1042,Kinjal Kathiriya,QA,1/1/2026,7,7,0,0,1,0,0,1,0,0,1,2,0,0,1,0,0,1,0,0,1,1,0,0,2,0,0,0,0,0,0,0,5,3,3,2,4,,5.22,,,
17,BH1043,Hina Pankaj Chowdhry,PRD,1/13/2026,7,7,0,0,13,0,0,2,0,0,0.5,2,0,1.5,0,1,0,2,0,0,1,1,0,0,0,0,0,2,0,0,0,0,5,2,5,2,3,,5.22,,,
18,BH1044,Balvantsinh Dinusinh Rathod,PRD,1/16/2026,6.5,6.5,0,0,26,0,0,1,0,0,0.5,0,0,0,2,0,5,1.5,0,0,1,1,0,0,0,0,0,0,0.5,0,0,0,4.5,1,17.5,2,5.5,,5.22,,,
19,BH1045,Kishan Haresh Patel,WAREHOUSE,1/21/2026,6.5,6.5,0,0,4.5,0,0,9,0,0,3,1,0,1.5,2,0,2,0,0.5,15,0.5,2,3,0,0,6,0,0,0.5,0,0,0,3.5,2.5,24,3,4,,5.22,,,
20,BH1046,Krutika Parmar,HRA,1/23/2026,6.5,6.5,0,0,0,0,0,0,0,0,0,0,0,0,0,0,0,0,3,3,2,0,0,1,0,0,0,0,0,0,0,0,3,3,3,3.5,3.5,,5.22,,,
21,BH1047,Nigamkumar Rohitbhai Raval,PRD,1/27/2026,6,6,0,0,0,0,0,0,0,0,0,0,0,0,2.5,0,0,1,0,0,1.5,0,0,0,1,0,0,2,0.5,0,0,0,5,1,0,1,3,,5.22,,,
22,BH1048,Perin Pandit,QA,2/3/2026,6,6,0,0,0,0,0,0,0,0,1.5,0,0,0,1,0,0,1,0,1,0,1,0,0,1,0,0,0,1,0,0,0,2,2,2.5,4,4,,,,,
23,BH1050,Jinalben Navinbhai Rana,QC,2/11/2026,6,6,0,0,0,0,0,0,0,0,3,1,0,0,2,0,4,0,1,0,1.5,0,1,0,0,1,0,0,19,0,0,0,4.5,1,9,1.5,5,,,,,
24,BH1052,Ranjitkumar Baraiya,PURCHASE,3/26/2026,5,5,0,0,0,0,0,0,0,0,3,0,0,4,0,0,9.5,2,0,4,2,0,1.5,0,2,2.5,0,0,16.5,0,0,0,4,2,24.5,1,3,,2.9,,,
25,BH1054,Chiragkumar Patel,QC,3/26/2026,5,5,0,0,0,0,0,0,0,0,1,0,0,6,2,0,0,0,0,0,2,0,0,0,0,0,0,3,1,0,0,0,4,0,7,1,2,,2.9,,,
26,BH1055,Harshil J. Bhuva,QA,4/1/2026,5,5,0,0,0,0,0,0,0,0,0,0,0,0,1,1,0,1.5,0,0,0.5,1,1,0,1,0,0,0,0,0,0,0,3,3,1,2,2,,12,5,,
27,BH1057,Dharmik Kamleshbhai Patel,QC,4/1/2026,5,5,0,0,0,0,0,0,0,0,0,0,0,0,1,0,0,1,0,0,0,0,0,1,0,1,0,1,0,0,0,0,3,0,1,2,4,2.9,3.48,,,
28,BH1058,Bhaveshkumar Vinodbhai Prajapati,PRD,4/10/2026,5,5,0,0,0,0,0,0,0,0,0,0,0,13,1.5,0,2,0,0,0,1,0,0,0,1,0.5,0,0,3.5,0,0,0,2.5,1,6.5,2.5,4,,2.9,,,
29,BH1059,Solanki Vanraj,PRD,4/15/2026,5,5,0,0,0,0,0,0,0,0,0,0,0,17,0,0,0,1,0,0,2,0,0,0,1,0,0,1.5,0,0,0,0,3,1,3,2,2.5,,2.61,,,
30,BH1060,Shaileshgiri Goswami,ENGG.,4/19/2026,5,5,0,0,0,0,0,0,0,0,0,0,0,20,1,0,0,1,0,0,1,0,0,2,0,0,0,1,0,0,0,0,5,0,2,0,4,,,,,
31,BH1061,Ravindrasinh V. Makwana,PRD,4/19/2026,5,5,0,0,0,0,0,0,0,0,0,0,0,18,1,0,2.5,2,0,0,0,1.5,0.5,0,1,2.5,0,2,0.5,0,0,0,3,2.5,5.5,2,0.5,,2.9,,,
32,BH1062,Daxaben Dabhi,ADMIN,4/25/2026,4.5,4.5,0,0,0,0,0,0,0,0,0,0,0,25,1,0,2,1.5,0,0,1,1,3,0,1,4.5,0,0.5,8.5,0,0,0,3.5,2,10.5,1,2,,,,,
33,BH1063,Pankajsinh Zala,PRD,4/28/2026,4.5,4.5,0,0,0,0,0,0,0,0,0,0,0,27,1,0,0,1,0.5,0,2,0,1,0,2,1,0,0,0,0,0,0,4,2.5,2,0.5,2,,2.32,,,
34,BH1064,Sagarkumar R. Patel,PRD,5/1/2026,4.5,4.5,0,0,0,0,0,0,0,0,0,0,0,0,1,0,2,1,0,0,0,1,0,0,1,2,0.5,1.5,1,0,0,0,2,2,4,2,1,,2.9,,,
35,BH1065,Ashwinsinh P. Zala,WAREHOUSE,5/11/2026,4.5,4.5,0,0,0,0,0,0,0,0,0,0,0,0,0,0,12,2,0,0,1.5,0,0,0,1,0,0,1,0,0,0,0,3.5,1,2,1,2.5,,2.32,,,
36,BH1066,Sajjansinh N. Zala,PRD,5/11/2026,4.5,4.5,0,0,0,0,0,0,0,0,0,0,0,0,0,0,10,1,0,0,1,0,0,0,0,0,0,1.5,0,0,0,0,2,0,0,2.5,3,,2.32,,,
37,BH1067,Rahulsinh S. Zala,PRD,5/11/2026,4.5,4.5,0,0,0,0,0,0,0,0,0,0,0,0,0,0,14.5,2,0,2,2,0.5,0,0,1,0.5,0,1,0.5,0,0,0,4,1.5,7,0.5,2,,2.03,,,
38,BH1068,Surendra Kumar,PRD,5/11/2026,4.5,4.5,0,0,0,0,0,0,0,0,0,0,0,0,0,0,10,2,0,4,0.5,0,0,0,0,2,0,3,0,0,0,0,2.5,0,6,2,1.5,,2.32,,,
39,BH1069,Jagdish Makwana,PRD,5/18/2026,4,4,0,0,0,0,0,0,0,0,0,0,0,0,0,0,13.5,1.5,0,1,2,0,0.5,0,1,0.5,0,1,0.5,0,0,0,3.5,1,15.5,0.5,2,,2.32,,,
40,BH1071,Vijaykumar Parmar,PRD,5/25/2026,4,4,0,0,0,0,0,0,0,0,0,0,0,0,0,0,24,2,0,0,1,2,0,0,0,0.5,1,0,0,0,0,0,3,2,0.5,0,2,,,,,
41,BH1072,Nidhi Sheladiya,QC MICRO,6/1/2026,4,4,0,0,0,0,0,0,0,0,0,0,0,0,0,0,0,1,0,0,0,1.5,1,0,1,0,1,0,0,0,0,0,1,2.5,1,2,1.5,,2.32,,,
42,BH1073,Mayank Ramani,PRD,6/1/2026,4,4,0,0,0,0,0,0,0,0,0,0,0,0,0,0,0,1.5,0,1,2,0,1,0,0,3,0,0,0,0,0,0,3.5,0,5,0.5,4,,1.74,,,
43,BH1074,Mansi R. Patel,QA,6/5/2026,4,4,0,0,0,0,0,0,0,0,0,0,0,0,0,0,0,1,0,4,0,1,1.5,0,0,0,0,0,0,0,0,0,1,1,5.5,3,3,,,,,
44,BH1076,Ajaykumar Mesariya,QC,7/1/2026,3.5,3.5,0,0,0,0,0,0,0,0,0,0,0,0,0,0,0,0,0,0,0,0,0,1,1,0,1,1,0.5,0,0,0,1,1,0,1.5,1.5,,1.74,,,
45,BH1077,Chiragkumar Solanki,QC,7/1/2026,3.5,3.5,0,0,0,0,0,0,0,0,0,0,0,0,0,0,0,0,0,0,0,0,0,1,1,0,1,0,0,0,0,0,1,1,0,1.5,2.5,,0.58,,Leave Calculation,
46,BH1078,Harshil Panchal,PRD,7/10/2026,3.5,3.5,0,0,0,0,0,0,0,0,0,0,0,0,0,0,0,0,0,0,0,0,11,0,0,2.5,1,0,0,0,0,0,0,0,13.5,2.5,3.5,,,,12,7
47,BH1080,Sachinkumar Patel,QC,8/23/2026,2.5,2.5,,,,,,,,,,,,,,,,,,,0,0,0,0,0,22,1,0,0,0,0,0,0,0,22,1.5,2.5,,,,9,5.25
48,BH1081,Priyang Vaghani,BD,9/1/2026,2,2,,,,,,,,,,,,,,,,,,,,,,0,0,0,0,0,0,0,0,0,,,,2,2,,,,,
